Ürün Adı,Fiyat,URL,Market
Muz Yerli Kg,"86,95 TL",https://www.migros.com.tr/muz-yerli-kg-p-1a01b70,Migros
Domates Pembe Kg,"69,95 TL",https://www.migros.com.tr/domates-pembe-kg-p-1ac9aca,Migros
Limon Kg,"44,95 TL",https://www.migros.com.tr/limon-kg-p-19ff462,Migros
Hıyar Badem Paket Kg,"99,95 TL",https://www.migros.com.tr/hiyar-badem-paket-kg-p-1ad3add,Migros
Maydanoz Adet,"17,95 TL",https://www.migros.com.tr/maydanoz-adet-p-1af36a9,Migros
Kabak Sakız Kg,"72,95 TL",https://www.migros.com.tr/kabak-sakiz-kg-p-1adb000,Migros
Domates Kokteyl Kg,"89,95 TL",https://www.migros.com.tr/domates-kokteyl-kg-p-1aca278,Migros
Hıyar Kg,"84,95 TL",https://www.migros.com.tr/hiyar-kg-p-1ad3ad0,Migros
Domates Salkım Kg,"69,95 TL",https://www.migros.com.tr/domates-salkim-kg-p-1ac92d8,Migros
Roka Demet,"22,95 TL",https://www.migros.com.tr/roka-demet-p-1b06f29,Migros
Dereotu Adet,"22,95 TL",https://www.migros.com.tr/dereotu-adet-p-1ac2969,Migros
Avokado Adet,"49,95 TL",https://www.migros.com.tr/avokado-adet-p-1ab6614,Migros
Biber Kırmızı Kg,"114,95 TL",https://www.migros.com.tr/biber-kirmizi-kg-p-1ac0e08,Migros
Havuç Beypazarı Paket Kg,"52,95 TL",https://www.migros.com.tr/havuc-beypazari-paket-kg-p-1ad36f9,Migros
Atom Salata Adet,"44,95 TL",https://www.migros.com.tr/atom-salata-adet-p-1b0e460,Migros
Domates Kg,"54,90 TL",https://www.migros.com.tr/domates-kg-p-1ac7780,Migros
Ceviz Kabuklu Kg,"149,95 TL",https://www.migros.com.tr/ceviz-kabuklu-kg-p-19ce720,Migros
Salata Kıvırcık Adet,"42,95 TL",https://www.migros.com.tr/salata-kivircik-adet-p-1b0bd99,Migros
Biber Çarliston Kg,"94,95 TL",https://www.migros.com.tr/biber-carliston-kg-p-1ac0638,Migros
Yaban Mersini 125 G,"99,95 TL",https://www.migros.com.tr/yaban-mersini-125-g-p-1a4e9f4,Migros
Soğan Taze Demet,"56,95 TL",https://www.migros.com.tr/sogan-taze-demet-p-1b145fa,Migros
Çilek Kg,"194,95 TL",https://www.migros.com.tr/cilek-kg-p-19d3928,Migros
Elma Starking Kg,"59,95 TL",https://www.migros.com.tr/elma-starking-kg-p-19e0c18,Migros
Muz İthal Kg,"109,95 TL",https://www.migros.com.tr/muz-ithal-kg-p-1a01f58,Migros
Elma Granny Smith Kg,"69,95 TL",https://www.migros.com.tr/elma-granny-smith-kg-p-19e0448,Migros
Nane Adet,"24,95 TL",https://www.migros.com.tr/nane-adet-p-1af84c9,Migros
Biber Dolmalık Kg,Fiyat bulunamadı,https://www.migros.com.tr/biber-dolmalik-kg-p-1ac0a20,Migros
Portakal Kg,"54,95 TL",https://www.migros.com.tr/portakal-kg-p-1a0a047,Migros
Elma Pink Lady Kg,"59,95 TL",https://www.migros.com.tr/elma-pink-lady-kg-p-19e1c40,Migros
Portakal Sıkma File Kg,"49,95 TL",https://www.migros.com.tr/portakal-sikma-file-kg-p-1a090a1,Migros
Havuç Çıtır 250 G Paket Adet,"22,95 TL",https://www.migros.com.tr/havuc-citir-250-g-paket-adet-p-1ad13e4,Migros
Biber Köy Usulü Kg,"119,95 TL",https://www.migros.com.tr/biber-koy-usulu-kg-p-1ac1258,Migros
Bakla Sakız Kg,"139,95 TL",https://www.migros.com.tr/bakla-sakiz-kg-p-1ab8d20,Migros
Ananas Adet,"99,95 TL",https://www.migros.com.tr/ananas-adet-p-1a3a1cb,Migros
Migros Pırasa Paket Kg,"52,95 TL",https://www.migros.com.tr/migros-pirasa-paket-kg-p-1b05449,Migros
Armut Santa Maria Kg,"72,95 TL",https://www.migros.com.tr/armut-santa-maria-kg-p-19c6a20,Migros
Pancar Kg,"54,95 TL",https://www.migros.com.tr/pancar-kg-p-1b10bc3,Migros
Lahana Kırmızı Kg,"74,95 TL",https://www.migros.com.tr/lahana-kirmizi-kg-p-1aec179,Migros
Patates Taze Mini Kg,"54,95 TL",https://www.migros.com.tr/patates-taze-mini-kg-p-1afb3a0,Migros
Turp Kırmızı Demet,"39,95 TL",https://www.migros.com.tr/turp-kirmizi-demet-p-1b26afa,Migros
Elma Amasya Kg,"89,95 TL",https://www.migros.com.tr/elma-amasya-kg-p-19dfc78,Migros
Elma Golden Kg,"59,95 TL",https://www.migros.com.tr/elma-golden-kg-p-19e0830,Migros
Eurofresh Yıkanmış Hazır Ispanak 700 G,"93,95 TL",https://www.migros.com.tr/eurofresh-yikanmis-hazir-ispanak-700-g-p-1b10a34,Migros
Elma Fuji Kg,"49,95 TL",https://www.migros.com.tr/elma-fuji-kg-p-19e0a30,Migros
Pazı Demet,"44,95 TL",https://www.migros.com.tr/pazi-demet-p-1b02105,Migros
Zencefil Kg,"249,95 TL",https://www.migros.com.tr/zencefil-kg-p-1b466c1,Migros
Mantar İstridye 200 G,"69,95 TL",https://www.migros.com.tr/mantar-istridye-200-g-p-1af04a3,Migros
Marul Adet,"59,95 TL",https://www.migros.com.tr/marul-adet-p-1af0f99,Migros
Spesiyal Soğan File Kg,"39,95 TL",https://www.migros.com.tr/spesiyal-sogan-file-kg-p-1b1b995,Migros
Yerli Papaya,"79,95 TL",https://www.migros.com.tr/yerli-papaya-p-1a43a23,Migros
Brokoli Kg,"79,95 TL",https://www.migros.com.tr/brokoli-kg-p-1adfe20,Migros
Eurofresh Yıkanmış Kıvırcık Marul 150 Gr,"39,95 TL",https://www.migros.com.tr/eurofresh-yikanmis-kivircik-marul-150-gr-p-1af1b6f,Migros
Eurofresh Doğranmış Göbek Salata (Parça) 200G,"49,95 TL",https://www.migros.com.tr/eurofresh-dogranmis-gobek-salata-parca-200g-p-1b10a32,Migros
Ispanak Kg,"72,95 TL",https://www.migros.com.tr/ispanak-kg-p-1ad6243,Migros
Erüst Mini Mini Domates 250 G,"64,95 TL",https://www.migros.com.tr/erust-mini-mini-domates-250-g-p-1ac9b27,Migros
Eurofresh Doğranmış Kırmızı Lahana 300 Gr,"59,95 TL",https://www.migros.com.tr/eurofresh-dogranmis-kirmizi-lahana-300-gr-p-1aec952,Migros
Greyfurt Kan Kg,"39,95 TL",https://www.migros.com.tr/greyfurt-kan-kg-p-19e7590,Migros
Biber Acı Şili Kırmızı Kg,"139,95 TL",https://www.migros.com.tr/biber-aci-sili-kirmizi-kg-p-1ac25c9,Migros
Nar Kg,"89,95 TL",https://www.migros.com.tr/nar-kg-p-1a06990,Migros
Doğanay Gurme Acılı Şalgam Cam 750 Ml,"67,50 TL",https://www.migros.com.tr/doganay-gurme-acili-salgam-cam-750-ml-p-7ad698,Migros
Doğanay Gurme Sade Şalgam Cam 750 Ml,"67,50 TL",https://www.migros.com.tr/doganay-gurme-sade-salgam-cam-750-ml-p-7ad699,Migros
Doğanay Şalgam Suyu Acılı 1000 Ml,"39,50 TL",https://www.migros.com.tr/doganay-salgam-suyu-acili-1000-ml-p-7b4648,Migros
Doğanay Şalgam Suyu Sade 1000 Ml,"39,50 TL",https://www.migros.com.tr/doganay-salgam-suyu-sade-1000-ml-p-7b4652,Migros
Doğanay Acılı Şalgam Suyu Acılı 300 Ml,"20,95 TL",https://www.migros.com.tr/doganay-acili-salgam-suyu-acili-300-ml-p-7af81d,Migros
Doğanay Şalgam Suyu Sade 300 Ml,"20,95 TL",https://www.migros.com.tr/doganay-salgam-suyu-sade-300-ml-p-7b463c,Migros
Assu Mineralli Su 5 L,"23,50 TL",https://www.migros.com.tr/assu-mineralli-su-5-l-p-7afc9b,Migros
Beypazarı Maden Suyu 6X200 Ml,"37,90 TL",https://www.migros.com.tr/beypazari-maden-suyu-6x200-ml-p-7ab106,Migros
Kurukahveci Mehmet Efendi Türk Kahvesi 100 G,"66,50 TL",https://www.migros.com.tr/kurukahveci-mehmet-efendi-turk-kahvesi-100-g-p-310151,Migros
Erikli Doğal Kaynak Suyu 6x1 L,"116,50 TL",https://www.migros.com.tr/erikli-dogal-kaynak-suyu-6x1-l-p-7b0507,Migros
Coca-Cola Orijinal Tat Pet 1 L,"40,00 TL",https://www.migros.com.tr/coca-cola-orijinal-tat-pet-1-l-p-7a3bcc,Migros
Hamidiye Doğal Mineralli Su 0.5 L,"3,95 TL",https://www.migros.com.tr/hamidiye-dogal-mineralli-su-05-l-p-7afcba,Migros
Hamidiye Doğal Mineralli Su 1.5 L,"7,95 TL",https://www.migros.com.tr/hamidiye-dogal-mineralli-su-15-l-p-7afcbb,Migros
Coca-Cola Zero Sugar Pet 1 L,"40,00 TL",https://www.migros.com.tr/coca-cola-zero-sugar-pet-1-l-p-7a3bcd,Migros
Erikli Doğal Kaynak Suyu 12x500 Ml,"138,75 TL",https://www.migros.com.tr/erikli-dogal-kaynak-suyu-12x500-ml-p-7afc7c,Migros
Hamidiye Kaynak Suyu 5 L Pet,"23,50 TL",https://www.migros.com.tr/hamidiye-kaynak-suyu-5-l-pet-p-7a8047,Migros
Sırma Doğal Maden Suyu 6x200 Ml Cam,"47,50 TL",https://www.migros.com.tr/sirma-dogal-maden-suyu-6x200-ml-cam-p-7ab1c4,Migros
Sütaş Pratik Şişe Ayran 2 L,"69,95 TL",https://www.migros.com.tr/sutas-pratik-sise-ayran-2-l-p-b03f09,Migros
Uludağ Doğal Maden Suyu 6X200 Ml,"49,90 TL",https://www.migros.com.tr/uludag-dogal-maden-suyu-6x200-ml-p-7ab0ca,Migros
Migros Ayran 1500 Ml,Fiyat bulunamadı,https://www.migros.com.tr/migros-ayran-1500-ml-p-b061d0,Migros
"Lipton Ice Tea Şeftali Aromalı 1,5 L","45,00 TL",https://www.migros.com.tr/lipton-ice-tea-seftali-aromali-15-l-p-7afacc,Migros
Sütaş Pratik Şişe Ayran 1 L,"36,75 TL",https://www.migros.com.tr/sutas-pratik-sise-ayran-1-l-p-b03f06,Migros
Altınkılıç Kefir 1 L,"66,50 TL",https://www.migros.com.tr/altinkilic-kefir-1-l-p-b040b4,Migros
Saka Doğal Mineralli Su 5 L,"39,75 TL",https://www.migros.com.tr/saka-dogal-mineralli-su-5-l-p-7b081d,Migros
Assu Mineralli Su 0.5 L,"3,95 TL",https://www.migros.com.tr/assu-mineralli-su-05-l-p-7afc99,Migros
Nescafe 3'ü 1 Arada 17.5 G x 15'li,"99,95 TL",https://www.migros.com.tr/nescafe-3u-1-arada-175-g-x-15li-p-312c7b,Migros
Altınkılıç Laktozsuz Kefir 1 L,"73,50 TL",https://www.migros.com.tr/altinkilic-laktozsuz-kefir-1-l-p-b04113,Migros
Kızılay Erzincan Doğal Maden Suyu 6X200 Ml,"37,90 TL",https://www.migros.com.tr/kizilay-erzincan-dogal-maden-suyu-6x200-ml-p-87cde5,Migros
Saka Doğal Mineralli Su 6x1 L,"106,50 TL",https://www.migros.com.tr/saka-dogal-mineralli-su-6x1-l-p-7afcd3,Migros
Uludağ Limonata Şekersiz 1 L,Fiyat bulunamadı,https://www.migros.com.tr/uludag-limonata-sekersiz-1-l-p-7afd0c,Migros
Assu Mineralli Su 1.5 L,"7,95 TL",https://www.migros.com.tr/assu-mineralli-su-15-l-p-7afc9a,Migros
"Coca-Cola Orijinal Tat Pet 1,5 L","45,00 TL",https://www.migros.com.tr/coca-cola-orijinal-tat-pet-15-l-p-7a3c97,Migros
Sprite Limon Aromalı Gazoz Kutu 6 x 250 Ml,Fiyat bulunamadı,https://www.migros.com.tr/sprite-limon-aromali-gazoz-kutu-6-x-250-ml-p-7a9abe,Migros
Coca-Cola Orijinal Tat Pet 4x1 L,"153,50 TL",https://www.migros.com.tr/coca-cola-orijinal-tat-pet-4x1-l-p-7a3c99,Migros
Erikli Doğal Kaynak Suyu 5L Pet Şişe,"49,50 TL",https://www.migros.com.tr/erikli-dogal-kaynak-suyu-5l-pet-sise-p-7b04fb,Migros
Fanta Portakal Aromalı Pet 1 L,"40,00 TL",https://www.migros.com.tr/fanta-portakal-aromali-pet-1-l-p-7a67f0,Migros
Saka Doğal Maden Suyu 6X200 Ml,"44,00 TL",https://www.migros.com.tr/saka-dogal-maden-suyu-6x200-ml-p-7aae79,Migros
Pepsi Kola Pet 4 x 1 L,"145,95 TL",https://www.migros.com.tr/pepsi-kola-pet-4-x-1-l-p-7a3d5d,Migros
Doğuş Tiryaki Çay 1000 G,"185,00 TL",https://www.migros.com.tr/dogus-tiryaki-cay-1000-g-p-2f93b4,Migros
Kızılay Afyonkarahisar Doğal Maden Suyu 6x200 Ml,"37,90 TL",https://www.migros.com.tr/kizilay-afyonkarahisar-dogal-maden-suyu-6x200-ml-p-7ab0cf,Migros
Erikli Doğal Kaynak Suyu 10L Pet Şişe,"88,95 TL",https://www.migros.com.tr/erikli-dogal-kaynak-suyu-10l-pet-sise-p-7b04fd,Migros
"Lipton Ice Tea Mango Pet 1,5 L","45,00 TL",https://www.migros.com.tr/lipton-ice-tea-mango-pet-15-l-p-7afac9,Migros
Starbucks White Mocha Kahve Karışımı 24 G,"22,95 TL",https://www.migros.com.tr/starbucks-white-mocha-kahve-karisimi-24-g-p-31a153,Migros
Nescafé Gold Ekonomik Paket 180 G,"289,50 TL",https://www.migros.com.tr/nescaf-gold-ekonomik-paket-180-g-p-314f75,Migros
Çaykur Tiryaki Çayı 1000 G,"232,00 TL",https://www.migros.com.tr/caykur-tiryaki-cayi-1000-g-p-2f7993,Migros
"Coca-Cola Zero Sugar Pet 1,5 L","45,00 TL",https://www.migros.com.tr/coca-cola-zero-sugar-pet-15-l-p-7a3c98,Migros
Nestlé Pure Life Doğal Kaynak Suyu 5 lt Pet,"48,95 TL",https://www.migros.com.tr/nestl-pure-life-dogal-kaynak-suyu-5-lt-pet-p-7b02d9,Migros
Doğanay Şalgam Suyu Sade 1000 Ml,"39,50 TL",https://www.migros.com.tr/doganay-salgam-suyu-sade-1000-ml-p-7b4652,Migros
Pepsi Özel Kutu 4 x 250 Ml,"126,00 TL",https://www.migros.com.tr/pepsi-ozel-kutu-4-x-250-ml-p-7a3a47,Migros
Pepsi Zero Sugar Kola Pet 4 x 1 L,"145,95 TL",https://www.migros.com.tr/pepsi-zero-sugar-kola-pet-4-x-1-l-p-7a3d8e,Migros
"Lipton Ice Tea Limon Aromalı 1,5 L","45,00 TL",https://www.migros.com.tr/lipton-ice-tea-limon-aromali-15-l-p-7afacb,Migros
Starbucks Caffe Latte Premium Kahve Karışımı 18 G,"22,95 TL",https://www.migros.com.tr/starbucks-caffe-latte-premium-kahve-karisimi-18-g-p-31a14d,Migros
Çamlıca Limon Aromalı Gazoz 1 L,"31,50 TL",https://www.migros.com.tr/camlica-limon-aromali-gazoz-1-l-p-7a9bb2,Migros
"Eker Ayran 1,5 L","65,00 TL",https://www.migros.com.tr/eker-ayran-15-l-p-b0475c,Migros
Cappy Pulpy Portakallı İçecek Pet 1 L,"56,00 TL",https://www.migros.com.tr/cappy-pulpy-portakalli-icecek-pet-1-l-p-7ae752,Migros
Cappy Geleneksel Limonata Pet 1 L,"38,00 TL",https://www.migros.com.tr/cappy-geleneksel-limonata-pet-1-l-p-7ae742,Migros
Coca-Cola Light Pet 1 L,"40,00 TL",https://www.migros.com.tr/coca-cola-light-pet-1-l-p-7a3c95,Migros
Starbucks Caffe Mocha Premium Kahve Karışımı 22 G,"22,95 TL",https://www.migros.com.tr/starbucks-caffe-mocha-premium-kahve-karisimi-22-g-p-31a150,Migros
Monster Ultra Şekersiz Enerji İçeceği Kutu 500 ML,"50,00 TL",https://www.migros.com.tr/monster-ultra-sekersiz-enerji-icecegi-kutu-500-ml-p-7bcbff,Migros
Beypazarı Premium Sade Doğal Maden Suyu 750 Ml,"34,95 TL",https://www.migros.com.tr/beypazari-premium-sade-dogal-maden-suyu-750-ml-p-7aaec6,Migros
Migros Filiz Siyah Çay 1000 G,"135,00 TL",https://www.migros.com.tr/migros-filiz-siyah-cay-1000-g-p-2f9638,Migros
"Coca-Cola Orijinal Tat Daha Az Kalori Pet 2,5 L","60,00 TL",https://www.migros.com.tr/coca-cola-orijinal-tat-daha-az-kalori-pet-25-l-p-7a5cdb,Migros
Erikli Doğal Kaynak Suyu 6x1.5 L,"125,95 TL",https://www.migros.com.tr/erikli-dogal-kaynak-suyu-6x15-l-p-7b0508,Migros
Nescafé Classic Ekonomik Paket 100 G,"120,00 TL",https://www.migros.com.tr/nescaf-classic-ekonomik-paket-100-g-p-31273d,Migros
Doğanay Şalgam Suyu Acılı 1000 Ml,"39,50 TL",https://www.migros.com.tr/doganay-salgam-suyu-acili-1000-ml-p-7b4648,Migros
Sırma C+ Limon Aromalı 6x200 Ml,"53,00 TL",https://www.migros.com.tr/sirma-c-limon-aromali-6x200-ml-p-7aaecd,Migros
Cif Sprey Ultra Anında Etki Kir ve Yağ Çözücü 1025 Ml,Fiyat bulunamadı,https://www.migros.com.tr/cif-sprey-ultra-aninda-etki-kir-ve-yag-cozucu-1025-ml-p-1dc14b0,Migros
Cif Sprey Power & Shine Banyo 750 Ml,"114,95 TL",https://www.migros.com.tr/cif-sprey-power-shine-banyo-750-ml-p-1d4f3b3,Migros
Cif Sprey Power & Shine Mutfak 750 Ml,"114,95 TL",https://www.migros.com.tr/cif-sprey-power-shine-mutfak-750-ml-p-1d4f3b4,Migros
Sleepy Yüzey Temizlik Havlusu Beyaz Sabun 100'lü,"133,50 TL",https://www.migros.com.tr/sleepy-yuzey-temizlik-havlusu-beyaz-sabun-100lu-p-1db8525,Migros
Migros Ekonomik Orta Boy Çöp Torbası 30'lu,"28,95 TL",https://www.migros.com.tr/migros-ekonomik-orta-boy-cop-torbasi-30lu-p-1dc13b1,Migros
Migros Ultra Çamaşır Suyu Fresh 1000 Ml,"34,95 TL",https://www.migros.com.tr/migros-ultra-camasir-suyu-fresh-1000-ml-p-1d2749a,Migros
Migros Ekonomik Çöp Torbası Büyük Boy 20 Adet,"34,95 TL",https://www.migros.com.tr/migros-ekonomik-cop-torbasi-buyuk-boy-20-adet-p-1dc27e4,Migros
Domestos Çamaşır Suyu Çam Ferahlığı 3.240 ML,"169,95 TL",https://www.migros.com.tr/domestos-camasir-suyu-cam-ferahligi-3240-ml-p-1d274e0,Migros
Asperox Sarı Güç Sprey 1 L,"99,95 TL",https://www.migros.com.tr/asperox-sari-guc-sprey-1-l-p-1d4f3c4,Migros
Sleepy Yüzey Temizlik Havlusu Çamaşır Sulu 100'lü,"133,50 TL",https://www.migros.com.tr/sleepy-yuzey-temizlik-havlusu-camasir-sulu-100lu-p-1db76e3,Migros
Migros Ekonomik Küçük Boy Çöp Torbası 40 Adet,"24,95 TL",https://www.migros.com.tr/migros-ekonomik-kucuk-boy-cop-torbasi-40-adet-p-1dc13b0,Migros
Selsil Pak Genel Amaçlı Mucize Temizleyici 500 G,"35,95 TL",https://www.migros.com.tr/selsil-pak-genel-amacli-mucize-temizleyici-500-g-p-1ddd6cd,Migros
Yumoş Sıvı Bakım Deterjanı Siyah 42 Yıkama 2520 Ml,"235,95 TL",https://www.migros.com.tr/yumos-sivi-bakim-deterjani-siyah-42-yikama-2520-ml-p-1d1ffe2,Migros
Yumoş Bakım Deterjanı Renkli 42 Yıkama 2520 Ml,"235,95 TL",https://www.migros.com.tr/yumos-bakim-deterjani-renkli-42-yikama-2520-ml-p-1d1ffe0,Migros
Fairy 650 ml Sıvı Bulaşık Deterjanı Limon,"84,95 TL",https://www.migros.com.tr/fairy-650-ml-sivi-bulasik-deterjani-limon-p-1d33814,Migros
Migros Bulaşık Süngeri - Oluklu 5'Li,"21,95 TL",https://www.migros.com.tr/migros-bulasik-sungeri-oluklu-5li-p-1db9e3b,Migros
Asperox Mavi Güç Sprey 1 L,"99,95 TL",https://www.migros.com.tr/asperox-mavi-guc-sprey-1-l-p-1d4ccb4,Migros
Finish Ultimate Plus Hepsi 1 Arada 40 Tablet 488 G,"467,95 TL",https://www.migros.com.tr/finish-ultimate-plus-hepsi-1-arada-40-tablet-488-g-p-1d8b9ea,Migros
Omo Active Oxygen Etkisi Sıvı Çamaşır Deterjanı Beyazlar İçin 1690 ml,"267,95 TL",https://www.migros.com.tr/omo-active-oxygen-etkisi-sivi-camasir-deterjani-beyazlar-icin-1690-ml-p-1cbc71a,Migros
Sleepy Yüzey Temizleme Havlusu Arap Sabunlu 100'lü,"133,50 TL",https://www.migros.com.tr/sleepy-yuzey-temizleme-havlusu-arap-sabunlu-100lu-p-1db76e4,Migros
Migros Bulaşık Makinesi Parlatıcı 500 Ml,"24,95 TL",https://www.migros.com.tr/migros-bulasik-makinesi-parlatici-500-ml-p-1d36072,Migros
Finish Quantum Ultimate %0 21 Tablet 267 G,"270,95 TL",https://www.migros.com.tr/finish-quantum-ultimate-0-21-tablet-267-g-p-1d8b9e4,Migros
Ariel Dağ Esintisi 3 Kg AquaPudra Toz Çamaşır Deterjanı,"239,95 TL",https://www.migros.com.tr/ariel-dag-esintisi-3-kg-aquapudra-toz-camasir-deterjani-p-1cbc712,Migros
Pril Sıvı Bulaşık Deterjanı 4kg Limon,"189,95 TL",https://www.migros.com.tr/pril-sivi-bulasik-deterjani-4kg-limon-p-1d33868,Migros
Porçöz Pas ve Kireç Çözücü 1 L,"69,95 TL",https://www.migros.com.tr/porcoz-pas-ve-kirec-cozucu-1-l-p-1ddd4eb,Migros
Finish Bulaşık Makinesi Tuzu 1500 G,"115,95 TL",https://www.migros.com.tr/finish-bulasik-makinesi-tuzu-1500-g-p-1d081a4,Migros
Domestos Çamaşır Suyu Beyaz Sabun Ferahlığı 750 Ml,"57,95 TL",https://www.migros.com.tr/domestos-camasir-suyu-beyaz-sabun-ferahligi-750-ml-p-1d24f34,Migros
Migros Yüzey Temizleyici Beyaz Sabun Kokulu 1500Ml,"41,95 TL",https://www.migros.com.tr/migros-yuzey-temizleyici-beyaz-sabun-kokulu-1500ml-p-1d4be93,Migros
Porçöz Lavabo Açıcı Granül 4 x 50 G,"99,95 TL",https://www.migros.com.tr/porcoz-lavabo-acici-granul-4-x-50-g-p-1e241c9,Migros
Domestos Tuvalet Bloğu Çam Ormanı 2x50 G,"99,95 TL",https://www.migros.com.tr/domestos-tuvalet-blogu-cam-ormani-2x50-g-p-1ddd6c7,Migros
Mr.Oxy Yüzey Temizlik Havlusu Beyaz Sabun 100'lü,Fiyat bulunamadı,https://www.migros.com.tr/mroxy-yuzey-temizlik-havlusu-beyaz-sabun-100lu-p-1db76fe,Migros
Peros Sıvı Bakım Renk Uzmanı Renkliler 3 L,"249,95 TL",https://www.migros.com.tr/peros-sivi-bakim-renk-uzmani-renkliler-3-l-p-1d1d9ff,Migros
Omo Actıve Oxygen 40 Yıkama 6 Kg,"424,95 TL",https://www.migros.com.tr/omo-active-oxygen-40-yikama-6-kg-p-1cbc71d,Migros
Migros Çöp Torbası Büzgülü Büyük Boy Limon Kokulu 15'li,"42,95 TL",https://www.migros.com.tr/migros-cop-torbasi-buzgulu-buyuk-boy-limon-kokulu-15li-p-1dc27e7,Migros
Yumoş Extra Konsantre Çamaşır Yumuşatıcı Sakura 1440 Ml 60 Yıkama,"176,95 TL",https://www.migros.com.tr/yumos-extra-konsantre-camasir-yumusatici-sakura-1440-ml-60-yikama-p-1d29d61,Migros
Bref Rezervuar Küpleri Okyanus 2'li,"84,95 TL",https://www.migros.com.tr/bref-rezervuar-kupleri-okyanus-2li-p-1ddc2bf,Migros
Huub Slim Askı 10'lu,"99,95 TL",https://www.migros.com.tr/huub-slim-aski-10lu-p-26714fd,Migros
Pril Excellence Duo Jel 900 Ml (50 Yıkama) Yağ Çözücü,"323,95 TL",https://www.migros.com.tr/pril-excellence-duo-jel-900-ml-50-yikama-yag-cozucu-p-1d8b9a1,Migros
Migros Ultra Çamaşır Suyu Ocean 1000 Ml,"34,95 TL",https://www.migros.com.tr/migros-ultra-camasir-suyu-ocean-1000-ml-p-1d2749b,Migros
Migros Lavabo Açıcı 3x75 G,"34,95 TL",https://www.migros.com.tr/migros-lavabo-acici-3x75-g-p-1e2418a,Migros
Domestos Yoğun Kıvamlı Çamaşır Suyu Dağ Esintisi 750 ml,"57,95 TL",https://www.migros.com.tr/domestos-yogun-kivamli-camasir-suyu-dag-esintisi-750-ml-p-1d25103,Migros
OFF! Aqua Pump Losyon Spray 100 Ml,"99,95 TL",https://www.migros.com.tr/off-aqua-pump-losyon-spray-100-ml-p-1e16e19,Migros
Scotch Brite Mikrofiber Bez 3'lü,"154,95 TL",https://www.migros.com.tr/scotch-brite-mikrofiber-bez-3lu-p-1db84f1,Migros
Pril Power Elde Yıkama Sıvı Bulaşık Deterjanı 5 Etki Limon 653 G,"66,95 TL",https://www.migros.com.tr/pril-power-elde-yikama-sivi-bulasik-deterjani-5-etki-limon-653-g-p-1d31701,Migros
Parex Klasik Yeşil Düz Sünger 5'li Eko Paket,"79,95 TL",https://www.migros.com.tr/parex-klasik-yesil-duz-sunger-5li-eko-paket-p-1dbab10,Migros
Perwoll Siyah Sıvı Deterjan 2.97 L,"280,95 TL",https://www.migros.com.tr/perwoll-siyah-sivi-deterjan-297-l-p-1d1d9dc,Migros
Migros Temizlik Bezi 5'li,Fiyat bulunamadı,https://www.migros.com.tr/migros-temizlik-bezi-5li-p-1db84e2,Migros
Porçöz Lavabo Açıcı Granül 2x50 G,"54,95 TL",https://www.migros.com.tr/porcoz-lavabo-acici-granul-2x50-g-p-1e241bc,Migros
Cif Krem Yüzey Temizleyici Altın Işıltısı Amber Kokulu 750 Ml,"79,95 TL",https://www.migros.com.tr/cif-krem-yuzey-temizleyici-altin-isiltisi-amber-kokulu-750-ml-p-1d7cd56,Migros
Cif Ultra Hız & Güç Yağ Çözücü Sprey Leke ve Kir Çıkarıcı Mutfak 1000 ML,"86,95 TL",https://www.migros.com.tr/cif-ultra-hiz-guc-yag-cozucu-sprey-leke-ve-kir-cikarici-mutfak-1000-ml-p-1d4f3a1,Migros
Migros Bulaşık Makinesi Tuzu 2 Kg,"30,95 TL",https://www.migros.com.tr/migros-bulasik-makinesi-tuzu-2-kg-p-1d081a7,Migros
Dixi Bref Çam Yüzey Temizleyici 2.5L,"115,95 TL",https://www.migros.com.tr/dixi-bref-cam-yuzey-temizleyici-25l-p-1d498f9,Migros
Dixi Bref Gül Yüzey Temizleyici 2.5 L,"115,95 TL",https://www.migros.com.tr/dixi-bref-gul-yuzey-temizleyici-25-l-p-1d498f5,Migros
Cif Jel Yüzey Temizleyici Cleanboost Tüm Yüzeyler İçin Leke Çıkarıcı Çamaşır Sulu Çiçek Ferahlığı 750 ML,"85,95 TL",https://www.migros.com.tr/cif-jel-yuzey-temizleyici-cleanboost-tum-yuzeyler-icin-leke-cikarici-camasir-sulu-cicek-ferahligi-750-ml-p-1d4c235,Migros
Pril Elde Yıkama Sıvı Bulaşık Deterjanı 750ml Losyon Aloe Vera,"66,95 TL",https://www.migros.com.tr/pril-elde-yikama-sivi-bulasik-deterjani-750ml-losyon-aloe-vera-p-1d33884,Migros
Ariel Dağ Esintisi Renklilere Özel Toz Çamaşır Deterjanı 7 Kg 46 Yıkama,"454,95 TL",https://www.migros.com.tr/ariel-dag-esintisi-renklilere-ozel-toz-camasir-deterjani-7-kg-46-yikama-p-1cbc700,Migros
Ariel Dağ Esintisi Renkliler Toz Çamaşır Deterjanı 3 Kg 20 Yıkama,"239,95 TL",https://www.migros.com.tr/ariel-dag-esintisi-renkliler-toz-camasir-deterjani-3-kg-20-yikama-p-1cbc713,Migros
Mr. Muscle KLOZET BLOK MARİNE 2'Lİ 77.2 G,"99,95 TL",https://www.migros.com.tr/mr-muscle-klozet-blok-marine-2li-772-g-p-1ddc0f1,Migros
Peros Limon Sıvı Bulaşık Deterjanı 3.88 L,"149,95 TL",https://www.migros.com.tr/peros-limon-sivi-bulasik-deterjani-388-l-p-1d33880,Migros
Porçöz Fırın Temizleyici Sprey 750 Ml,"99,95 TL",https://www.migros.com.tr/porcoz-firin-temizleyici-sprey-750-ml-p-1ddc177,Migros
Porçöz Leke Çıkarıcı Sprey 750 Ml,"114,95 TL",https://www.migros.com.tr/porcoz-leke-cikarici-sprey-750-ml-p-1ddc0fb,Migros
Cif Sprey Power & Shine Mutfak 750 Ml,"114,95 TL",https://www.migros.com.tr/cif-sprey-power-shine-mutfak-750-ml-p-1d4f3b4,Migros
Domestos Çam Ferahlığı Çamaşır Suyu 5 L,"184,95 TL",https://www.migros.com.tr/domestos-cam-ferahligi-camasir-suyu-5-l-p-1d27515,Migros
Banvit Piliç Bonfile Kg,"269,95 TL",https://www.migros.com.tr/banvit-pilic-bonfile-kg-p-2be844b,Migros
Banvit Piliç Yaprak Döner 200 G,Fiyat bulunamadı,https://www.migros.com.tr/banvit-pilic-yaprak-doner-200-g-p-2be83f7,Migros
Dana Kıymalık Kg,"539,95 TL",https://www.migros.com.tr/dana-kiymalik-kg-p-17d9f99,Migros
Namet Hindi Füme 7/24 60 G,"22,50 TL",https://www.migros.com.tr/namet-hindi-fume-724-60-g-p-e35f61,Migros
Banvit Piliç Baget Kg,"139,95 TL",https://www.migros.com.tr/banvit-pilic-baget-kg-p-2be844f,Migros
Uzman Kasap Dana Kıyma 400 G,"189,00 TL",https://www.migros.com.tr/uzman-kasap-dana-kiyma-400-g-p-17deed0,Migros
Bolca Hindi Göğüs Bütün Fileto 750 G,"284,95 TL",https://www.migros.com.tr/bolca-hindi-gogus-butun-fileto-750-g-p-cafbf3,Migros
Namet Pişmiş Döner 250 G,"185,95 TL",https://www.migros.com.tr/namet-pismis-doner-250-g-p-1853cbf,Migros
Namet 7 / 24 Hindi Salam 60 G,"19,80 TL",https://www.migros.com.tr/namet-7-24-hindi-salam-60-g-p-d749eb,Migros
Dana Kıymalık Yöresel Kg,"579,95 TL",https://www.migros.com.tr/dana-kiymalik-yoresel-kg-p-17da1d4,Migros
Banvit Piliç Pirzola Kg,"129,95 TL",https://www.migros.com.tr/banvit-pilic-pirzola-kg-p-2be8451,Migros
Bolca Hindi Sote But 750 G,"382,95 TL",https://www.migros.com.tr/bolca-hindi-sote-but-750-g-p-cafc01,Migros
Uzman Kasap Izgara Köfte 320 G,"165,95 TL",https://www.migros.com.tr/uzman-kasap-izgara-kofte-320-g-p-17dee09,Migros
Polonez Fit Yaşam XL Hindi Füme 150 G,"99,00 TL",https://www.migros.com.tr/polonez-fit-yasam-xl-hindi-fume-150-g-p-e35f89,Migros
Uzman Kasap Dana Kuzu Kıyma 400 G,Fiyat bulunamadı,https://www.migros.com.tr/uzman-kasap-dana-kuzu-kiyma-400-g-p-17deecc,Migros
Pınar Aç Bitir Hindi Salam Taze Dilimlenmiş 10 Dilim 75 G,"35,25 TL",https://www.migros.com.tr/pinar-ac-bitir-hindi-salam-taze-dilimlenmis-10-dilim-75-g-p-d749cc,Migros
Dana Kuzu Kıymalık Kg,"539,95 TL",https://www.migros.com.tr/dana-kuzu-kiymalik-kg-p-17da180,Migros
Banvit Piliç Kanat Kg,"244,95 TL",https://www.migros.com.tr/banvit-pilic-kanat-kg-p-2be842d,Migros
Uzman Kasap Tekirdağ Köfte 320 G,"165,95 TL",https://www.migros.com.tr/uzman-kasap-tekirdag-kofte-320-g-p-17dee1f,Migros
Beypiliç Parmak Bonfile Kg,"184,95 TL",https://www.migros.com.tr/beypilic-parmak-bonfile-kg-p-c6a972,Migros
Banvit Piliç Schnitzel 700 G,"119,95 TL",https://www.migros.com.tr/banvit-pilic-schnitzel-700-g-p-2be83f6,Migros
Banvit Jumbo Sosis 330 G,"73,90 TL",https://www.migros.com.tr/banvit-jumbo-sosis-330-g-p-ce0849,Migros
Erşan Pişmiş Dana Döner 250 G,"159,95 TL",https://www.migros.com.tr/ersan-pismis-dana-doner-250-g-p-17dee21,Migros
Banvit Piliç Nugget 700 G,"117,95 TL",https://www.migros.com.tr/banvit-pilic-nugget-700-g-p-2be83f5,Migros
Banvit Piliç Izgara Tava Kg,"299,95 TL",https://www.migros.com.tr/banvit-pilic-izgara-tava-kg-p-2be8425,Migros
Dana But Sotelik Et Yöresel Kg,"769,95 TL",https://www.migros.com.tr/dana-but-sotelik-et-yoresel-kg-p-17da1ee,Migros
Dana Antrikot Çiftlik Kg,"969,95 TL",https://www.migros.com.tr/dana-antrikot-ciftlik-kg-p-17d9f5b,Migros
Bolca Tabaklı Alt But Kemiksiz Hindi 500 G,"207,95 TL",https://www.migros.com.tr/bolca-tabakli-alt-but-kemiksiz-hindi-500-g-p-cafbea,Migros
Dana Ciğer Kg,"579,95 TL",https://www.migros.com.tr/dana-ciger-kg-p-18ce199,Migros
Maret Dana Isıl İşlem Görmüş Afiyetle Sucuk 200 G,"160,00 TL",https://www.migros.com.tr/maret-dana-isil-islem-gormus-afiyetle-sucuk-200-g-p-d8ad5d,Migros
Bolez Köylüm Poşetli Bütün Piliç Kg,"137,95 TL",https://www.migros.com.tr/bolez-koylum-posetli-butun-pilic-kg-p-c6cf9d,Migros
Bolca Hindi Sote Göğüs 750 G,"284,95 TL",https://www.migros.com.tr/bolca-hindi-sote-gogus-750-g-p-cafbf2,Migros
Dana Haşlamalık Gerdan Kg,Fiyat bulunamadı,https://www.migros.com.tr/dana-haslamalik-gerdan-kg-p-17da19c,Migros
Namet 7/24 Dana Macar Salam 60 G,"38,00 TL",https://www.migros.com.tr/namet-724-dana-macar-salam-60-g-p-d749e4,Migros
Eral Dana Kokoreç Baharatlı 200 G (Kuşbaşı),"199,95 TL",https://www.migros.com.tr/eral-dana-kokorec-baharatli-200-g-kusbasi-p-18ce1b7,Migros
Namet Kangal Sucuk 240 G,"310,00 TL",https://www.migros.com.tr/namet-kangal-sucuk-240-g-p-d8d15c,Migros
Kuzu Yemeklik Kuşbaşı Kg,"845,95 TL",https://www.migros.com.tr/kuzu-yemeklik-kusbasi-kg-p-17bf3cb,Migros
Uzman Kasap Klasik Köfte 320 G,"175,95 TL",https://www.migros.com.tr/uzman-kasap-klasik-kofte-320-g-p-17dee0c,Migros
Dana But Sotelik Et Çiftlik Kg,"649,95 TL",https://www.migros.com.tr/dana-but-sotelik-et-ciftlik-kg-p-17d9f68,Migros
Çipura 400/600 Kg,"359,59 TL",https://www.migros.com.tr/cipura-400600-kg-p-121c7da,Migros
Polonez Macar Salam 90 G,"112,50 TL",https://www.migros.com.tr/polonez-macar-salam-90-g-p-d74a69,Migros
Dana İncik,Fiyat bulunamadı,https://www.migros.com.tr/dana-incik-p-17dc66e,Migros
"Kuzu Gerdan Kg (Kemikli, Dilimli)","559,95 TL",https://www.migros.com.tr/kuzu-gerdan-kg-kemikli-dilimli-p-16e5d38,Migros
Polonez Dilimli Çemensiz Seçme Pastırma 100 G,"149,00 TL",https://www.migros.com.tr/polonez-dilimli-cemensiz-secme-pastirma-100-g-p-da56e5,Migros
Dana Döş Rulo Yöresel Kg (Kıyma),"579,95 TL",https://www.migros.com.tr/dana-dos-rulo-yoresel-kg-kiyma-p-17da1d6,Migros
Bolca Hindi Külbastı 500 G,"169,95 TL",https://www.migros.com.tr/bolca-hindi-kulbasti-500-g-p-cafc00,Migros
Banvit Piliç Kokteyl Sosis 1000 G,"129,00 TL",https://www.migros.com.tr/banvit-pilic-kokteyl-sosis-1000-g-p-d74a56,Migros
"Kuzu Külbastı Kg (But Eti, Kemiksiz, Dilimli)","999,95 TL",https://www.migros.com.tr/kuzu-kulbasti-kg-but-eti-kemiksiz-dilimli-p-16e5d2a,Migros
Banvit Piliç Nugget 300 G,"54,95 TL",https://www.migros.com.tr/banvit-pilic-nugget-300-g-p-ce0839,Migros
Uzman Kasap Kuzu Sac Kavurmalık 400 G,"199,95 TL",https://www.migros.com.tr/uzman-kasap-kuzu-sac-kavurmalik-400-g-p-17def27,Migros
Dardanel Fish Finger 400 G,"159,95 TL",https://www.migros.com.tr/dardanel-fish-finger-400-g-p-10b0b69,Migros
Başyazıcıoğlu İnan Dana Kavurma 150G,"135,00 TL",https://www.migros.com.tr/basyazicioglu-inan-dana-kavurma-150g-p-dbd970,Migros
Altın Dana Dana Kavurma 150G,Fiyat bulunamadı,https://www.migros.com.tr/altin-dana-dana-kavurma-150g-p-dbd975,Migros
Maret 10'lu Sosis 432 G,"369,00 TL",https://www.migros.com.tr/maret-10lu-sosis-432-g-p-d5c6a3,Migros
Bolez Köylüm Kanat Kg,"199,95 TL",https://www.migros.com.tr/bolez-koylum-kanat-kg-p-c6a989,Migros
Migros Hindi Füme Eti 90 G,"34,75 TL",https://www.migros.com.tr/migros-hindi-fume-eti-90-g-p-e35b70,Migros
Maret Hindi Füme 110 G,"66,90 TL",https://www.migros.com.tr/maret-hindi-fume-110-g-p-e35f5c,Migros
Gedik Piliç Salamlı Cordon Bleu 285G,"70,95 TL",https://www.migros.com.tr/gedik-pilic-salamli-cordon-bleu-285g-p-ce231e,Migros
Bolez Köylüm Baget Kg,"129,95 TL",https://www.migros.com.tr/bolez-koylum-baget-kg-p-c6a988,Migros
Migros %3 Yağlı Uht Süt 1 L,"33,95 TL",https://www.migros.com.tr/migros-3-yagli-uht-sut-1-l-p-a805c0,Migros
Pınar Süt 1 L,"49,95 TL",https://www.migros.com.tr/pinar-sut-1-l-p-a7ffda,Migros
Migros Yarım Yağlı Uht Süt 1 L,Fiyat bulunamadı,https://www.migros.com.tr/migros-yarim-yagli-uht-sut-1-l-p-a805ad,Migros
Güres M - Orta Boy Yumurta 30'lu ( 53 - 62 G),"172,25 TL",https://www.migros.com.tr/gures-m-orta-boy-yumurta-30lu-53-62-g-p-1312df3,Migros
Altınkılıç Tam Yağlı Olgunlaştırılmış İnek Peyniri 500 G,"239,90 TL",https://www.migros.com.tr/altinkilic-tam-yagli-olgunlastirilmis-inek-peyniri-500-g-p-98e101,Migros
Migros Tam Yağlı Homojenize Yoğurt 3000 G,Fiyat bulunamadı,https://www.migros.com.tr/migros-tam-yagli-homojenize-yogurt-3000-g-p-bec3c5,Migros
Migros Tam Yağlı Homojenize Yoğurt 1500 G,"66,50 TL",https://www.migros.com.tr/migros-tam-yagli-homojenize-yogurt-1500-g-p-bec3c4,Migros
Sütaş Kaymaksız Yoğurt 1000 G,"57,50 TL",https://www.migros.com.tr/sutas-kaymaksiz-yogurt-1000-g-p-bebd9c,Migros
İçim Şef %18 Yağlı Krema 200 Ml,"39,90 TL",https://www.migros.com.tr/icim-sef-18-yagli-krema-200-ml-p-b047a3,Migros
Pınar Denge Laktozsuz Süt 1 L,"57,95 TL",https://www.migros.com.tr/pinar-denge-laktozsuz-sut-1-l-p-a80029,Migros
Tire Organik Yumurta 10'lu M Boy (53-62 G),"119,95 TL",https://www.migros.com.tr/tire-organik-yumurta-10lu-m-boy-53-62-g-p-13134c3,Migros
Migros %3 Yağlı Yüksek Sıcaklıkta Pastörize Süt 1 L,"38,75 TL",https://www.migros.com.tr/migros-3-yagli-yuksek-sicaklikta-pastorize-sut-1-l-p-a807c7,Migros
İçim Taze Kaşar Peyniri 700 G,"327,90 TL",https://www.migros.com.tr/icim-taze-kasar-peyniri-700-g-p-9a3ee7,Migros
Migros İnek Peyniri 600G,"168,75 TL",https://www.migros.com.tr/migros-inek-peyniri-600g-p-98e14d,Migros
Tahsildaroğlu Torba Lor Peyniri 350 G,"49,90 TL",https://www.migros.com.tr/tahsildaroglu-torba-lor-peyniri-350-g-p-9ebe40,Migros
Nutella Kakaolu Fındık Kreması 750 G,"180,95 TL",https://www.migros.com.tr/nutella-kakaolu-findik-kremasi-750-g-p-6d2ffd,Migros
Eker Kaymaklı Tava Yoğurt 1 Kg,"86,50 TL",https://www.migros.com.tr/eker-kaymakli-tava-yogurt-1-kg-p-bec383,Migros
Bahçıvan Süzme Peynir 500 G,"127,90 TL",https://www.migros.com.tr/bahcivan-suzme-peynir-500-g-p-98c9b7,Migros
Ünal Lüks Klasik İnek Peyniri Kg,"425,00 TL",https://www.migros.com.tr/unal-luks-klasik-inek-peyniri-kg-p-98d987,Migros
Naturaköy Gezen 15'li Yumurta M Orta Boy (53-62) G,"134,95 TL",https://www.migros.com.tr/naturakoy-gezen-15li-yumurta-m-orta-boy-53-62-g-p-2bebb85,Migros
İçim Rahat Laktozsuz Süt 1 L,"49,50 TL",https://www.migros.com.tr/icim-rahat-laktozsuz-sut-1-l-p-a80012,Migros
Bahçıvan Hellim Peyniri 225 G,"171,50 TL",https://www.migros.com.tr/bahcivan-hellim-peyniri-225-g-p-9ed4cc,Migros
Migros Yarım Yağlı Laktozsuz Uht Süt 1 L,"39,95 TL",https://www.migros.com.tr/migros-yarim-yagli-laktozsuz-uht-sut-1-l-p-a80077,Migros
Bahçıvan Çeçil Peyniri 200 G,"146,50 TL",https://www.migros.com.tr/bahcivan-cecil-peyniri-200-g-p-9ecb9f,Migros
Migros Tereyağı 250 G,Fiyat bulunamadı,https://www.migros.com.tr/migros-tereyagi-250-g-p-b75d83,Migros
Pınar Süzme Peynir 500 G,"130,00 TL",https://www.migros.com.tr/pinar-suzme-peynir-500-g-p-98e0ec,Migros
Bahçıvan Mozzarella Peyniri Rende 200 G,"137,90 TL",https://www.migros.com.tr/bahcivan-mozzarella-peyniri-rende-200-g-p-9a24e3,Migros
Torku Süt 4X1 L,"198,00 TL",https://www.migros.com.tr/torku-sut-4x1-l-p-a82681,Migros
Tahsildaroğlu Taze Tam Yağlı Dil Peyniri 200 G,"107,50 TL",https://www.migros.com.tr/tahsildaroglu-taze-tam-yagli-dil-peyniri-200-g-p-9a1d3b,Migros
Sütaş Süzme Yoğurt 750 G,"106,40 TL",https://www.migros.com.tr/sutas-suzme-yogurt-750-g-p-bebda2,Migros
